name,genre,year,gross,released2
Little Women,Drama,2019,216601214.0,2019-12-25
Ip Man 4: The Finale,Action,2019,176345966.0,2019-12-20
Star Wars: Episode IX - The Rise of Skywalker,Action,2019,1078232589.0,2019-12-20
Jumanji: The Next Level,Action,2019,800059707.0,2019-12-13
The Death & Life of John F. Donovan,Drama,2018,3326364.0,2019-12-13
Marriage Story,Comedy,2019,333686.0,2019-12-06
Knives Out,Comedy,2019,311539397.0,2019-11-27
The Irishman,Biography,2019,968853.0,2019-11-27
A Beautiful Day in the Neighborhood,Biography,2019,67760877.0,2019-11-22
Frozen II,Animation,2019,1450026933.0,2019-11-22
Ford v Ferrari,Action,2019,225508210.0,2019-11-15
Jojo Rabbit,Comedy,2019,90335025.0,2019-11-08
Parasite,Comedy,2019,258908054.0,2019-11-08
Terminator: Dark Fate,Action,2019,261119292.0,2019-11-01
After the Wedding,Drama,2019,2790019.0,2019-11-01
The Lighthouse,Drama,2019,18123239.0,2019-11-01
Brittany Runs a Marathon,Comedy,2019,7442106.0,2019-10-24
Zombieland: Double Tap,Action,2019,122810399.0,2019-10-18
Maleficent: Mistress of Evil,Adventure,2019,491730089.0,2019-10-18
The Addams Family,Animation,2019,203783566.0,2019-10-11
Gemini Man,Action,2019,173469516.0,2019-10-11
Joker,Crime,2019,1074427370.0,2019-10-04
El Coyote,Action,2019,1101470.0,2019-10-04
Open,Drama,2019,,2019-10-04
"My People, My Country",Drama,2019,450064993.0,2019-10-01
The Captain,Action,2019,417282021.0,2019-09-30
Abominable,Animation,2019,180314199.0,2019-09-27
Downton Abbey,Drama,2019,237860050.0,2019-09-20
Ad Astra,Adventure,2019,127461872.0,2019-09-20
Rambo: Last Blood,Action,2019,91490353.0,2019-09-20
Hustlers,Comedy,2019,157563598.0,2019-09-13
The Goldfinch,Drama,2019,9932621.0,2019-09-13
Can You Keep a Secret?,Comedy,2019,1378160.0,2019-09-13
Ms. Purple,Crime,2019,80657.0,2019-09-06
Chhichhore,Comedy,2019,3311391.0,2019-09-06
It Chapter Two,Drama,2019,473093228.0,2019-09-06
K-12,Fantasy,2019,359377.0,2019-09-05
The Souvenir,Drama,2019,1719157.0,2019-08-30
Don't Let Go,Drama,2019,5288011.0,2019-08-30
Official Secrets,Biography,2019,10088753.0,2019-08-30
Tod@s Caen,Comedy,2019,9667157.0,2019-08-30
The Fanatic,Crime,2019,,2019-08-30
Before You Know It,Comedy,2019,151507.0,2019-08-30
Saaho,Action,2019,5708522.0,2019-08-30
Bennett's War,Sport,2019,1067629.0,2019-08-30
The Nightingale,Adventure,2018,988687.0,2019-08-29
Overcomer,Drama,2019,38026103.0,2019-08-23
Angel Has Fallen,Action,2019,146661977.0,2019-08-23
The Peanut Butter Falcon,Adventure,2019,133031473.0,2019-08-23
Luce,Drama,2019,2268204.0,2019-08-23
Give Me Liberty,Comedy,2019,624818.0,2019-08-23
Ready or Not,Action,2019,57615777.0,2019-08-21
Good Boys,Adventure,2019,111037232.0,2019-08-16
"Where'd You Go, Bernadette",Comedy,2019,11025353.0,2019-08-16
47 Meters Down: Uncaged,Adventure,2019,47582563.0,2019-08-16
Blinded by the Light,Comedy,2019,18096691.0,2019-08-16
End of the Century,Drama,2019,103047.0,2019-08-16
Line Walker 2: Invisible Spy,Action,2019,99482027.0,2019-08-16
Mission Mangal,Drama,2019,5667057.0,2019-08-15
Batla House,Action,2019,13098981.0,2019-08-15
The Angry Birds Movie 2,Animation,2019,147792047.0,2019-08-14
Ode to Joy,Comedy,2019,22594.0,2019-08-09
The Farewell,Comedy,2019,23076657.0,2019-08-09
The Bravest,Action,2019,245179562.0,2019-08-09
Dora and the Lost City of Gold,Adventure,2019,119682635.0,2019-08-09
The Kitchen,Action,2019,15980032.0,2019-08-09
The Art of Racing in the Rain,Comedy,2019,33766787.0,2019-08-09
Brian Banks,Biography,2018,4376819.0,2019-08-09
Scary Stories to Tell in the Dark,Adventure,2019,104545505.0,2019-08-09
Killerman,Action,2019,619855.0,2019-08-08
Them That Follow,Drama,2019,172952.0,2019-08-02
JCVD,Action,2008,2342211.0,2019-08-02
The Tomorrow Man,Drama,2019,354103.0,2019-08-02
Fast & Furious Presents: Hobbs & Shaw,Action,2019,759056935.0,2019-08-02
The Divine Fury,Action,2019,11799556.0,2019-07-31
Exit,Action,2019,69501772.0,2019-07-31
The Ground Beneath My Feet,Drama,2019,29251.0,2019-07-26
Ne Zha,Animation,2019,726264074.0,2019-07-26
Once Upon a Time... In Hollywood,Comedy,2019,374565754.0,2019-07-26
The Fighting Preacher,Comedy,2019,954641.0,2019-07-24
Sword of Trust,Comedy,2019,323369.0,2019-07-19
The Art of Self-Defense,Action,2019,2414269.0,2019-07-19
The Lion King,Animation,2019,1670727580.0,2019-07-19
Crawl,Action,2019,91542097.0,2019-07-12
Stuber,Action,2019,32390945.0,2019-07-12
Super 30,Biography,2019,24701637.0,2019-07-12
Midsommar,Drama,2019,47967636.0,2019-07-03
Spider-Man: Far from Home,Action,2019,1131927996.0,2019-07-02
Yesterday,Comedy,2019,153193369.0,2019-06-28
Ophelia,Drama,2018,242115.0,2019-06-28
The Other Side of Heaven 2: Fire of Faith,Adventure,2019,1807216.0,2019-06-28
Annabelle Comes Home,Horror,2019,231252591.0,2019-06-26
Kinky Boots: The Musical,Musical,2019,2973437.0,2019-06-25
Round of Your Life,Family,2019,20941.0,2019-06-21
Extreme Job,Action,2019,119932733.0,2019-06-21
Child's Play,Drama,2019,44907074.0,2019-06-21
Toy Story 4,Animation,2019,1073394593.0,2019-06-21
Wild Rose,Comedy,2018,7123449.0,2019-06-21
Anna,Action,2019,31626978.0,2019-06-21
The Mustang,Drama,2019,6405816.0,2019-06-19
Shaft,Action,2019,21360215.0,2019-06-14
Clinton Road,Horror,2019,50400.0,2019-06-14
Men in Black: International,Action,2019,253890701.0,2019-06-14
American Woman,Drama,2018,245416.0,2019-06-14
Late Night,Comedy,2019,22386555.0,2019-06-14
Hampstead,Comedy,2017,6335171.0,2019-06-14
The Dead Don't Die,Comedy,2019,15325468.0,2019-06-14
Chasing the Dragon II: Wild Wild Bunch,Action,2019,45738461.0,2019-06-07
A Brother's Love,Drama,2019,1671969.0,2019-06-07
The Last Black Man in San Francisco,Drama,2019,4637830.0,2019-06-07
X-Men: Dark Phoenix,Action,2019,252442974.0,2019-06-07
The Secret Life of Pets 2,Animation,2019,430051293.0,2019-06-07
Bharat,Action,2019,35261263.0,2019-06-05
Rocketman,Biography,2019,195179299.0,2019-05-31
Godzilla: King of the Monsters,Action,2019,386600138.0,2019-05-31
Ma,Horror,2019,61105744.0,2019-05-31
India's Most Wanted,Action,2019,1715851.0,2019-05-24
Booksmart,Comedy,2019,24959607.0,2019-05-24
Aladdin,Adventure,2019,1050693953.0,2019-05-24
Brightburn,Drama,2019,32893421.0,2019-05-24
Shed of the Dead,Comedy,2019,38901.0,2019-05-20
Aniara,Drama,2018,40124.0,2019-05-17
A Dog's Journey,Adventure,2019,75741734.0,2019-05-17
We Have Always Lived in the Castle,Drama,2018,62567.0,2019-05-17
The Sun Is also a Star,Drama,2019,6750029.0,2019-05-17
De De Pyaar De,Comedy,2019,1473116.0,2019-05-17
Trial by Fire,Biography,2018,148504.0,2019-05-17
Charlie Says,Biography,2018,98240.0,2019-05-17
John Wick: Chapter 3 - Parabellum,Action,2019,327281779.0,2019-05-17
Slaughterhouse Rulez,Action,2018,730762.0,2019-05-17
Saga of Tanya the Evil - The Movie,Animation,2019,288460.0,2019-05-16
"The Gangster, the Cop, the Devil",Action,2019,25775371.0,2019-05-15
Poms,Comedy,2019,16418218.0,2019-05-10
The Hustle,Comedy,2019,95017038.0,2019-05-10
Tolkien,Biography,2019,9090040.0,2019-05-10
Student of the Year 2,Action,2019,1635907.0,2019-05-10
Pokémon Detective Pikachu,Action,2019,433921300.0,2019-05-10
Geolkapseu,Action,2019,12147170.0,2019-05-09
Code Geass: Lelouch of the Re;Surrection,Animation,2019,9982083.0,2019-05-05
UglyDolls,Animation,2019,32450241.0,2019-05-03
Long Shot,Comedy,2019,53873809.0,2019-05-03
The Intruder,Thriller,2019,36599361.0,2019-05-03
42nd Street: The Musical,Musical,2019,2217255.0,2019-05-01
Avengers: Endgame,Action,2019,2797501328.0,2019-04-26
Body at Brighton Rock,Horror,2019,5123.0,2019-04-26
Hyenas,Comedy,1992,24672.0,2019-04-26
The Curse of la Llorona,Horror,2019,123133739.0,2019-04-19
Red Joan,Biography,2018,10647493.0,2019-04-19
Under the Silver Lake,Crime,2018,2053469.0,2019-04-19
Pilgrim's Progress,Animation,2019,3173282.0,2019-04-18
Breakthrough,Biography,2019,50444358.0,2019-04-17
Kalank,Drama,2019,17987034.0,2019-04-17
High on the Hog,Action,2019,45696.0,2019-04-16
High Life,Adventure,2018,2133033.0,2019-04-12
Missing Link,Animation,2019,26565710.0,2019-04-12
Little,Comedy,2019,49000667.0,2019-04-12
Crypto,Crime,2019,20440.0,2019-04-12
Hellboy,Action,2019,55065289.0,2019-04-12
After,Drama,2019,69756455.0,2019-04-12
Sunrise in Heaven,Drama,2019,,2019-04-09
Pet Sematary,Horror,2019,113118226.0,2019-04-05
Romeo Akbar Walter,Action,2019,6111065.0,2019-04-05
The Wind,Horror,2018,130974.0,2019-04-05
Storm Boy,Drama,2019,4393018.0,2019-04-05
Shazam!,Action,2019,365971656.0,2019-04-05
The Best of Enemies,Biography,2019,10209813.0,2019-04-05
Junglee,Action,2019,4033587.0,2019-03-29
The Least of These: The Graham Staines Story,Drama,2019,695164.0,2019-03-29
Hotel Mumbai,Action,2018,21315827.0,2019-03-29
Dumbo,Adventure,2019,353284621.0,2019-03-29
The Beach Bum,Comedy,2019,4554416.0,2019-03-29
Unplanned,Biography,2019,21354152.0,2019-03-29
Triple Threat,Action,2019,345900.0,2019-03-29
Cliffs of Freedom,Drama,2019,300842.0,2019-03-22
Us,Horror,2019,255184580.0,2019-03-22
Gloria Bell,Comedy,2018,11145006.0,2019-03-22
Money,Crime,2019,155732.0,2019-03-22
Out of Blue,Crime,2018,242847.0,2019-03-22
The Hummingbird Project,Drama,2018,878199.0,2019-03-22
Captive State,Action,2019,8808611.0,2019-03-15
Five Feet Apart,Drama,2019,91527795.0,2019-03-15
Wonder Park,Animation,2019,119559110.0,2019-03-15
The Aftermath,Drama,2019,9215591.0,2019-03-15
No Manches Frida 2,Comedy,2019,26493648.0,2019-03-15
Photograph,Drama,2019,996171.0,2019-03-15
The Kid,Biography,2019,1561698.0,2019-03-08
Captain Marvel,Action,2019,1128462972.0,2019-03-08
Luka Chuppi,Comedy,2019,14256199.0,2019-03-01
Greta,Drama,2018,18653107.0,2019-03-01
Play the Flute,Drama,2019,254475.0,2019-03-01
A Madea Family Funeral,Comedy,2019,74747725.0,2019-03-01
Sonchiriya,Action,2019,914565.0,2019-03-01
The Hole in the Ground,Drama,2019,3373474.0,2019-02-26
Furie,Action,2019,5756185.0,2019-02-22
Fighting with My Family,Biography,2019,40811919.0,2019-02-22
How to Train Your Dragon: The Hidden World,Animation,2019,525683457.0,2019-02-22
Total Dhamaal,Action,2019,26911995.0,2019-02-22
At Eternity's Gate,Biography,2018,11473638.0,2019-02-15
Gully Boy,Drama,2019,28141995.0,2019-02-14
Alita: Battle Angel,Action,2019,404980543.0,2019-02-14
Isn't It Romantic,Comedy,2019,48791187.0,2019-02-13
Alone/Together,Drama,2019,271101.0,2019-02-13
Happy Death Day 2U,Comedy,2019,64600152.0,2019-02-13
Piranhas,Crime,2019,2298525.0,2019-02-13
Lords of Chaos,Biography,2018,365353.0,2019-02-08
Everybody Knows,Crime,2018,19176163.0,2019-02-08
What Men Want,Comedy,2019,72216294.0,2019-02-08
The Lego Movie 2: The Second Part,Animation,2019,192306508.0,2019-02-08
Cold Pursuit,Action,2019,76419755.0,2019-02-08
The Prodigy,Fantasy,2019,21150265.0,2019-02-08
The Wandering Earth,Action,2019,699992512.0,2019-02-05
Ek Ladki Ko Dekha Toh Aisa Laga,Comedy,2019,3531837.0,2019-02-01
Miss Bala,Action,2019,15383580.0,2019-02-01
Arctic,Adventure,2018,4165776.0,2019-01-31
Serenity,Drama,2019,14454622.0,2019-01-25
The Kid Who Would Be King,Action,2019,32140970.0,2019-01-25
Glass,Drama,2019,246999039.0,2019-01-18
An Acceptable Loss,Drama,2018,32427.0,2019-01-18
Dragon Ball Super: Broly,Animation,2018,115757940.0,2019-01-16
Stan & Ollie,Biography,2018,24420923.0,2019-01-11
The Upside,Comedy,2017,125856180.0,2019-01-11
Replicas,Drama,2018,9330075.0,2019-01-11
On the Basis of Sex,Biography,2018,38755900.0,2019-01-11
The Untold Story,Comedy,2019,790.0,2019-01-11
A Dog's Way Home,Adventure,2019,80708134.0,2019-01-11
Escape Room,Action,2019,155712077.0,2019-01-04
Wildlife,Drama,2018,3321367.0,2019-01-01
Dahmer,Biography,2002,144008.0,2019-01-01
Destroyer,Action,2018,5580940.0,2018-12-27
If Beale Street Could Talk,Drama,2018,20596567.0,2018-12-25
Holmes & Watson,Comedy,2018,40466970.0,2018-12-25
Vice,Biography,2018,76073488.0,2018-12-25
Second Act,Comedy,2018,72294066.0,2018-12-21
Aquaman,Action,2018,1148485886.0,2018-12-21
Bumblebee,Action,2018,467989645.0,2018-12-21
Welcome to Marwen,Biography,2018,13061491.0,2018-12-21
Mary Queen of Scots,Biography,2018,46712809.0,2018-12-21
The Favourite,Biography,2018,95918706.0,2018-12-21
Summer '03,Comedy,2018,11746.0,2018-12-20
Colette,Biography,2018,14273033.0,2018-12-20
Vox Lux,Drama,2018,1399272.0,2018-12-20
Mary Poppins Returns,Comedy,2018,349546142.0,2018-12-19
Spider-Man: Into the Spider-Verse,Animation,2018,375540831.0,2018-12-14
Mortal Engines,Action,2018,83869818.0,2018-12-14
The Mule,Crime,2018,174804407.0,2018-12-14
The Quake,Action,2018,13837294.0,2018-12-14
The Possession of Hannah Grace,Horror,2018,43016528.0,2018-11-30
Shoplifters,Crime,2018,67999335.0,2018-11-23
Creed II,Drama,2018,214215889.0,2018-11-21
Ralph Breaks the Internet,Animation,2018,529323962.0,2018-11-21
Robin Hood,Action,2018,86493046.0,2018-11-21
A Private War,Biography,2018,3915207.0,2018-11-16
Fantastic Beasts: The Crimes of Grindelwald,Adventure,2018,654855901.0,2018-11-16
Widows,Crime,2018,75984700.0,2018-11-16
The Clovehitch Killer,Crime,2018,167994.0,2018-11-16
Green Book,Biography,2018,321752656.0,2018-11-16
Instant Family,Comedy,2018,120556201.0,2018-11-16
The Grinch,Animation,2018,512492755.0,2018-11-09
Overlord,Action,2018,41657844.0,2018-11-09
The Girl in the Spider's Web,Action,2018,35164920.0,2018-11-09
Boy Erased,Biography,2018,11853081.0,2018-11-08
The Nutcracker and the Four Realms,Adventure,2018,173961069.0,2018-11-02
Suspiria,Fantasy,2018,7942093.0,2018-11-02
Can You Ever Forgive Me?,Biography,2018,12442161.0,2018-11-02
Bohemian Rhapsody,Biography,2018,911902649.0,2018-11-02
Nobody's Fool,Comedy,2018,33705333.0,2018-11-02
Johnny English Strikes Again,Action,2018,158972499.0,2018-10-26
Hunter Killer,Action,2018,31676128.0,2018-10-26
Border,Crime,2018,2177678.0,2018-10-26
Mid90s,Comedy,2018,9303022.0,2018-10-26
London Fields,Crime,2018,487420.0,2018-10-26
Beautiful Boy,Biography,2018,16636604.0,2018-10-25
The Hate U Give,Crime,2018,34934009.0,2018-10-19
The Old Man & the Gun,Biography,2018,17860397.0,2018-10-19
The Guilty,Crime,2018,4598051.0,2018-10-19
Halloween,Crime,2018,255614941.0,2018-10-19
The Sisters Brothers,Crime,2018,13143056.0,2018-10-19
The House That Jack Built,Crime,2018,3081913.0,2018-10-17
Goosebumps 2: Haunted Halloween,Animation,2018,93320380.0,2018-10-12
First Man,Biography,2018,105713218.0,2018-10-12
Bad Times at the El Royale,Crime,2018,31882724.0,2018-10-12
Andhadhun,Crime,2018,62475342.0,2018-10-05
Venom,Action,2018,856085151.0,2018-10-05
A Star Is Born,Drama,2018,436188866.0,2018-10-05
Never Look Away,Biography,2018,6193234.0,2018-10-03
Hell Fest,Horror,2018,18160930.0,2018-09-28
Smallfoot,Animation,2018,214040103.0,2018-09-28
Night School,Comedy,2018,103105878.0,2018-09-28
The Wife,Drama,2017,19978189.0,2018-09-28
My Hero Academia: Two Heroes,Animation,2018,21022724.0,2018-09-25
Assassination Nation,Action,2018,2584988.0,2018-09-21
Life Itself,Drama,2018,7997774.0,2018-09-21
Little Italy,Comedy,2018,1362536.0,2018-09-21
The House with a Clock in Its Walls,Comedy,2018,131523093.0,2018-09-21
Capharnaüm,Drama,2018,64417003.0,2018-09-20
Climax,Drama,2018,2027391.0,2018-09-19
A Simple Favor,Comedy,2018,97644617.0,2018-09-14
Mandy,Horror,2018,1555203.0,2018-09-14
The Predator,Action,2018,160542134.0,2018-09-14
Becoming Astrid,Biography,2018,962653.0,2018-09-14
White Boy Rick,Crime,2018,25957482.0,2018-09-14
The Nun,Horror,2018,365551694.0,2018-09-07
Peppermint,Action,2018,53918723.0,2018-09-07
The Miseducation of Cameron Post,Drama,2018,1474577.0,2018-09-07
I Want to Eat Your Pancreas,Animation,2018,33748006.0,2018-09-01
Searching,Drama,2018,75462037.0,2018-08-31
Kin,Action,2018,10313019.0,2018-08-31
Operation Finale,Biography,2018,17612099.0,2018-08-29
The Bookshop,Drama,2017,12062146.0,2018-08-24
The Happytime Murders,Action,2018,27506452.0,2018-08-24
Papillon,Adventure,2017,10060903.0,2018-08-24
An Interview with God,Drama,2018,2251795.0,2018-08-21
"Juliet, Naked",Comedy,2018,4511157.0,2018-08-17
Alpha,Action,2018,98203196.0,2018-08-17
The Little Mermaid,Adventure,2018,2614006.0,2018-08-17
Mile 22,Action,2018,66308758.0,2018-08-17
Crazy Rich Asians,Comedy,2018,238539198.0,2018-08-15
American Animals,Biography,2018,4080073.0,2018-08-14
Slender Man,Horror,2018,51738549.0,2018-08-10
BlacKkKlansman,Biography,2018,93413709.0,2018-08-10
The Meg,Action,2018,530259473.0,2018-08-10
Summer of 84,Drama,2018,42027.0,2018-08-10
The Darkest Minds,Action,2018,41142379.0,2018-08-03
Eighth Grade,Comedy,2018,14347433.0,2018-08-03
Christopher Robin,Adventure,2018,197744377.0,2018-08-03
The Spy Who Dumped Me,Action,2018,75339459.0,2018-08-03
Blindspotting,Comedy,2018,5006989.0,2018-07-27
Mission: Impossible - Fallout,Action,2018,791657398.0,2018-07-27
The Captain,Drama,2017,1196669.0,2018-07-27
The Equalizer 2,Action,2018,190400157.0,2018-07-20
Mamma Mia! Here We Go Again,Comedy,2018,395618157.0,2018-07-20
Unfriended: Dark Web,Horror,2018,16024987.0,2018-07-20
Skyscraper,Action,2018,304868961.0,2018-07-13
Sorry to Bother You,Comedy,2018,18170707.0,2018-07-13
Hotel Transylvania 3: Summer Vacation,Animation,2018,528583774.0,2018-07-13
Ant-Man and the Wasp,Action,2018,622674139.0,2018-07-06
Mary Shelley,Biography,2017,2096600.0,2018-07-05
The First Purge,Action,2018,137056262.0,2018-07-04
Leave No Trace,Adventure,2018,7682928.0,2018-06-29
Sicario: Day of the Soldado,Action,2018,75837743.0,2018-06-29
Uncle Drew,Comedy,2018,46664414.0,2018-06-29
The Catcher Was a Spy,Biography,2018,953953.0,2018-06-22
Jurassic World: Fallen Kingdom,Action,2018,1310466296.0,2018-06-22
Incredibles 2,Animation,2018,1244639527.0,2018-06-15
Tag,Action,2018,78130625.0,2018-06-15
Gotti,Biography,2018,6412349.0,2018-06-14
SuperFly,Action,2018,20780685.0,2018-06-13
Hotel Artemis,Action,2018,13313581.0,2018-06-08
Ocean's Eight,Action,2018,297718711.0,2018-06-08
Cold War,Drama,2018,20343051.0,2018-06-08
Hereditary,Drama,2018,80239658.0,2018-06-08
Action Point,Comedy,2018,5103663.0,2018-06-01
Upgrade,Action,2018,16706680.0,2018-06-01
Adrift,Action,2018,59945012.0,2018-06-01
How to Talk to Girls at Parties,Comedy,2017,385733.0,2018-05-25
Solo: A Star Wars Story,Action,2018,392924807.0,2018-05-25
The Man Who Killed Don Quixote,Adventure,2018,2390383.0,2018-05-19
Book Club,Comedy,2018,104438188.0,2018-05-18
On Chesil Beach,Drama,2017,3338249.0,2018-05-18
First Reformed,Drama,2017,3862498.0,2018-05-18
Deadpool 2,Action,2018,786470484.0,2018-05-18
Burning,Drama,2018,7578063.0,2018-05-17
Beast,Crime,2017,1744071.0,2018-05-11
Life of the Party,Comedy,2018,65859911.0,2018-05-11
Revenge,Action,2017,913331.0,2018-05-11
Tully,Comedy,2018,15636462.0,2018-05-04
Bad Samaritan,Crime,2018,4623836.0,2018-05-04
Overboard,Comedy,2018,91244913.0,2018-05-04
Breath,Adventure,2017,3322479.0,2018-05-03
Disobedience,Drama,2017,8003180.0,2018-04-27
Duck Butter,Comedy,2018,6877.0,2018-04-27
Avengers: Infinity War,Action,2018,2048359754.0,2018-04-27
Super Troopers 2,Comedy,2018,31626386.0,2018-04-20
I Feel Pretty,Comedy,2018,94539426.0,2018-04-20
Ghost Stories,Drama,2017,4131358.0,2018-04-20
Borg vs. McEnroe,Biography,2017,3430165.0,2018-04-13
Isle of Dogs,Animation,2018,64337744.0,2018-04-13
Marrowbone,Drama,2017,12294931.0,2018-04-13
The Rider,Drama,2017,3436124.0,2018-04-13
Truth or Dare,Horror,2018,95330710.0,2018-04-13
Rampage,Action,2018,428028233.0,2018-04-13
A Quiet Place,Drama,2018,350320413.0,2018-04-06
You Were Never Really Here,Crime,2017,9360514.0,2018-04-06
The Endless,Drama,2017,956425.0,2018-04-06
Blockers,Comedy,2018,94019120.0,2018-04-06
Lean on Pete,Adventure,2017,2443584.0,2018-04-06
"Don't Worry, He Won't Get Far on Foot",Biography,2018,4241656.0,2018-04-04
The Last Movie Star,Drama,2017,14410.0,2018-03-30
Ready Player One,Action,2018,582893671.0,2018-03-29
Midnight Sun,Drama,2018,27365467.0,2018-03-23
Unsane,Drama,2018,14293601.0,2018-03-23
Pacific Rim: Uprising,Action,2018,290930148.0,2018-03-23
I Can Only Imagine,Biography,2018,86086881.0,2018-03-16
Flower,Comedy,2017,380553.0,2018-03-16
Mary Magdalene,Biography,2018,11710110.0,2018-03-16
"Love, Simon",Comedy,2018,66316289.0,2018-03-16
Tomb Raider,Action,2018,274650803.0,2018-03-16
7 Days in Entebbe,Action,2018,8771432.0,2018-03-16
A Wrinkle in Time,Adventure,2018,132675864.0,2018-03-09
The Strangers: Prey at Night,Horror,2018,31039126.0,2018-03-09
The Death of Stalin,Comedy,2017,24646055.0,2018-03-09
Gringo,Action,2018,11001627.0,2018-03-09
Thoroughbreds,Comedy,2017,3187255.0,2018-03-09
My Friend Dahmer,Biography,2017,1436751.0,2018-03-02
Death Wish,Action,2018,49562710.0,2018-03-02
Red Sparrow,Action,2018,151572634.0,2018-03-02
Game Night,Action,2018,117679066.0,2018-02-23
Every Day,Drama,2018,10421847.0,2018-02-23
Annihilation,Adventure,2018,43070915.0,2018-02-23
This Beautiful Fantastic,Comedy,2016,353808.0,2018-02-19
Black Panther,Action,2018,1347597973.0,2018-02-16
Early Man,Animation,2018,54622814.0,2018-02-16
Fifty Shades Freed,Drama,2018,371987838.0,2018-02-09
The 15:17 to Paris,Biography,2018,57076286.0,2018-02-09
Peter Rabbit,Animation,2018,351496066.0,2018-02-09
Winchester,Biography,2018,44019588.0,2018-02-02
Journey's End,Drama,2017,970809.0,2018-02-02
Maze Runner: The Death Cure,Action,2018,288175335.0,2018-01-26
Hostiles,Drama,2017,35669017.0,2018-01-26
Padmaavat,Drama,2018,60508780.0,2018-01-25
Phantom Thread,Drama,2017,47756590.0,2018-01-19
"I, Tonya",Biography,2017,53939297.0,2018-01-19
Call Me by Your Name,Drama,2017,41888660.0,2018-01-19
12 Strong,Action,2018,67450815.0,2018-01-19
Den of Thieves,Action,2018,80509622.0,2018-01-19
Gook,Drama,2017,251541.0,2018-01-19
Forever My Girl,Comedy,2018,16376066.0,2018-01-19
Paddington 2,Animation,2017,227978645.0,2018-01-12
The Post,Drama,2017,180419231.0,2018-01-12
The Commuter,Action,2018,119942387.0,2018-01-12
Insidious: The Last Key,Horror,2018,167885588.0,2018-01-05
Molly's Game,Biography,2017,59284015.0,2018-01-05
The Leisure Seeker,Adventure,2017,10472180.0,2018-01-03
In the Fade,Crime,2017,5104991.0,2017-12-27
All the Money in the World,Biography,2017,56996304.0,2017-12-25
Pitch Perfect 3,Comedy,2017,185400345.0,2017-12-22
Darkest Hour,Biography,2017,150847274.0,2017-12-22
Father Figures,Comedy,2017,25601244.0,2017-12-22
Downsizing,Drama,2017,55003890.0,2017-12-22
The Shape of Water,Adventure,2017,195333312.0,2017-12-22
The Greatest Showman,Biography,2017,438006904.0,2017-12-20
Jumanji: Welcome to the Jungle,Action,2017,962542945.0,2017-12-20
Along With the Gods: The Two Worlds,Action,2017,109383972.0,2017-12-20
Ferdinand,Animation,2017,296069199.0,2017-12-15
Wonder Wheel,Drama,2017,15889124.0,2017-12-15
Star Wars: Episode VIII - The Last Jedi,Action,2017,1332698830.0,2017-12-15
The Disaster Artist,Biography,2017,29820616.0,2017-12-08
"Three Billboards Outside Ebbing, Missouri",Comedy,2017,160192267.0,2017-12-01
Lady Bird,Comedy,2017,78966486.0,2017-12-01
Sweet Virginia,Action,2017,14725.0,2017-11-30
Beach Rats,Drama,2017,486623.0,2017-11-22
Coco,Animation,2017,807817888.0,2017-11-22
"Roman J. Israel, Esq.",Crime,2017,13025860.0,2017-11-22
Wonder,Drama,2017,306209289.0,2017-11-17
Justice League,Action,2017,657926987.0,2017-11-17
Daddy's Home 2,Comedy,2017,180613824.0,2017-11-10
The Florida Project,Drama,2017,10971298.0,2017-11-10
Murder on the Orient Express,Crime,2017,352794081.0,2017-11-10
Better Watch Out,Comedy,2016,176288.0,2017-11-09
The Killing of a Sacred Deer,Drama,2017,7027336.0,2017-11-03
Blade of the Immortal,Action,2017,7162617.0,2017-11-03
Last Flag Flying,Comedy,2017,1872950.0,2017-11-03
Thor: Ragnarok,Action,2017,853983911.0,2017-11-03
Jeepers Creepers III,Horror,2017,4017852.0,2017-11-02
A Bad Moms Christmas,Comedy,2017,130560428.0,2017-11-01
All I See Is You,Drama,2016,678150.0,2017-10-27
Breathe,Biography,2017,5026154.0,2017-10-27
Jigsaw,Crime,2017,102952888.0,2017-10-27
Suburbicon,Comedy,2017,12751667.0,2017-10-27
The Snowman,Crime,2017,43155261.0,2017-10-20
Same Kind of Different as Me,Biography,2017,6423605.0,2017-10-20
BPM (Beats Per Minute),Drama,2017,7704369.0,2017-10-20
Wonderstruck,Adventure,2017,3285916.0,2017-10-20
Geostorm,Action,2017,221600160.0,2017-10-20
Only the Brave,Action,2017,26351322.0,2017-10-20
Professor Marston & the Wonder Women,Biography,2017,1899615.0,2017-10-13
Marshall,Biography,2017,10116816.0,2017-10-13
American Satan,Drama,2017,237708.0,2017-10-13
The Foreigner,Action,2017,145418070.0,2017-10-13
Happy Death Day,Comedy,2017,125479266.0,2017-10-13
Amityville: The Awakening,Horror,2017,8481997.0,2017-10-12
Blade Runner 2049,Action,2017,259334548.0,2017-10-06
The Mountain Between Us,Action,2017,62832209.0,2017-10-06
My Little Pony: The Movie,Animation,2017,60330833.0,2017-10-06
Victoria & Abdul,Biography,2017,66558465.0,2017-10-06
American Made,Action,2017,134866593.0,2017-09-29
Flatliners,Drama,2017,45158254.0,2017-09-29
Stronger,Biography,2017,8503658.0,2017-09-29
Battle of the Sexes,Biography,2017,18598607.0,2017-09-29
Super Dark Times,Crime,2017,33109.0,2017-09-29
Goodbye Christopher Robin,Biography,2017,7401949.0,2017-09-29
Lucky,Comedy,2017,2728446.0,2017-09-29
Mark Felt: The Man Who Brought Down the White House,Biography,2017,4372130.0,2017-09-29
The Lego Ninjago Movie,Animation,2017,123081555.0,2017-09-22
Kingsman: The Golden Circle,Action,2017,410902662.0,2017-09-22
Loving Vincent,Animation,2017,42187665.0,2017-09-22
Brad's Status,Comedy,2017,3816527.0,2017-09-15
Thelma,Drama,2017,1463727.0,2017-09-15
American Assassin,Action,2017,67234188.0,2017-09-15
Mother!,Drama,2017,44516999.0,2017-09-15
Godard Mon Amour,Biography,2017,1332204.0,2017-09-13
Home Again,Comedy,2017,37270721.0,2017-09-08
It,Horror,2017,701796444.0,2017-09-08
Memoir of a Murderer,Action,2017,19015346.0,2017-09-08
I Do... Until I Don't,Comedy,2017,280668.0,2017-09-01
Tulip Fever,Drama,2017,9204549.0,2017-09-01
The Square,Comedy,2017,9493791.0,2017-08-25
Leap!,Animation,2016,106127278.0,2017-08-25
Ingrid Goes West,Comedy,2017,3146831.0,2017-08-25
Good Time,Crime,2017,3283369.0,2017-08-25
God's Own Country,Drama,2017,2559939.0,2017-08-24
Logan Lucky,Comedy,2017,48453605.0,2017-08-18
The Hitman's Bodyguard,Action,2017,176600207.0,2017-08-18
Wind River,Crime,2017,43980821.0,2017-08-18
The Glass Castle,Biography,2017,22088533.0,2017-08-11
Annabelle: Creation,Horror,2017,306515884.0,2017-08-11
A Taxi Driver,Action,2017,86252940.0,2017-08-11
Kidnap,Action,2017,34814102.0,2017-08-04
Columbus,Drama,2017,1093077.0,2017-08-04
Detroit,Crime,2017,23355100.0,2017-08-04
The Dark Tower,Action,2017,113231078.0,2017-08-04
Atomic Blonde,Action,2017,100014025.0,2017-07-28
The Emoji Movie,Animation,2017,217776646.0,2017-07-28
A Ghost Story,Drama,2017,1951683.0,2017-07-27
The Only Living Boy in New York,Drama,2017,2550321.0,2017-07-27
Dunkirk,Action,2017,527016307.0,2017-07-21
The Untamed,Drama,2016,61249.0,2017-07-21
Girls Trip,Adventure,2017,140552359.0,2017-07-21
Valerian and the City of a Thousand Planets,Action,2017,225973340.0,2017-07-21
War for the Planet of the Apes,Action,2017,490719763.0,2017-07-14
Wish Upon,Drama,2017,23468586.0,2017-07-14
The Big Sick,Comedy,2017,56411585.0,2017-07-14
Lady Macbeth,Drama,2016,5401447.0,2017-07-14
Spider-Man: Homecoming,Action,2017,880166924.0,2017-07-07
The House,Comedy,2017,34184504.0,2017-06-30
The Beguiled,Drama,2017,27869129.0,2017-06-30
Despicable Me 3,Animation,2017,1034800131.0,2017-06-30
The Little Hours,Comedy,2017,1647175.0,2017-06-30
Baby Driver,Action,2017,226945087.0,2017-06-28
The Bad Batch,Action,2016,201890.0,2017-06-23
The Book of Henry,Crime,2017,4596705.0,2017-06-23
Transformers: The Last Knight,Action,2017,605425157.0,2017-06-21
All Eyez on Me,Biography,2017,55668698.0,2017-06-16
Rough Night,Comedy,2017,47347283.0,2017-06-16
47 Meters Down,Adventure,2017,62198461.0,2017-06-16
Cars 3,Animation,2017,383930656.0,2017-06-16
My Cousin Rachel,Drama,2017,9200168.0,2017-06-09
The Hero,Drama,2017,4101699.0,2017-06-09
It Comes at Night,Horror,2017,19735344.0,2017-06-09
"I, Daniel Blake",Drama,2016,15793051.0,2017-06-09
Megan Leavey,Biography,2017,14510490.0,2017-06-09
Beatriz at Dinner,Comedy,2017,7425391.0,2017-06-09
The Mummy,Action,2017,409231607.0,2017-06-09
The Villainess,Action,2017,8737458.0,2017-06-08
Churchill,Biography,2017,6724365.0,2017-06-02
Wonder Woman,Action,2017,822824522.0,2017-06-02
The Exception,Drama,2016,872805.0,2017-06-02
Captain Underpants: The First Epic Movie,Animation,2017,125427681.0,2017-06-02
Loveless,Drama,2017,3925992.0,2017-06-01
Pirates of the Caribbean: Dead Men Tell No Tales,Action,2017,794881442.0,2017-05-26
Berlin Syndrome,Drama,2017,397783.0,2017-05-26
Double Lover,Drama,2017,5012423.0,2017-05-26
Baywatch,Action,2017,177856751.0,2017-05-25
Buster's Mal Heart,Crime,2016,73121.0,2017-05-23
"Everything, Everything",Drama,2017,61621140.0,2017-05-19
Diary of a Wimpy Kid: The Long Haul,Animation,2017,40140972.0,2017-05-19
Alien: Covenant,Horror,2017,240891763.0,2017-05-19
The Wall,Action,2017,4477141.0,2017-05-18
Snatched,Action,2017,60845711.0,2017-05-12
King Arthur: Legend of the Sword,Action,2017,148675066.0,2017-05-12
Take Me,Comedy,2017,2583.0,2017-05-05
Guardians of the Galaxy Vol. 2,Action,2017,863756051.0,2017-05-05
Baahubali 2: The Conclusion,Action,2017,254158390.0,2017-04-28
How to Be a Latin Lover,Comedy,2017,62547032.0,2017-04-28
The Circle,Drama,2017,40656399.0,2017-04-28
Unforgettable,Drama,2017,17768012.0,2017-04-21
The Lost City of Z,Biography,2016,19263938.0,2017-04-21
Free Fire,Action,2016,3719383.0,2017-04-21
Colossal,Comedy,2016,4531320.0,2017-04-21
The Fate of the Furious,Action,2017,1236005118.0,2017-04-14
Gifted,Drama,2017,43069254.0,2017-04-12
The Zookeeper's Wife,Biography,2017,26152835.0,2017-04-07
Going in Style,Comedy,2017,84918541.0,2017-04-07
Smurfs: The Lost Village,Animation,2017,197183546.0,2017-04-07
The Void,Horror,2016,368372.0,2017-04-07
Their Finest,Comedy,2016,12597262.0,2017-04-07
Your Name.,Animation,2016,358180115.0,2017-04-07
Carrie Pilby,Comedy,2016,28430.0,2017-04-04
The Boss Baby,Animation,2017,527965936.0,2017-03-31
T2 Trainspotting,Drama,2017,41681746.0,2017-03-31
Ghost in the Shell,Action,2017,169846945.0,2017-03-31
Life,Horror,2017,100541806.0,2017-03-24
Power Rangers,Action,2017,142337240.0,2017-03-24
CHIPS,Action,2017,26800152.0,2017-03-24
Song to Song,Drama,2017,1813453.0,2017-03-17
The Belko Experiment,Horror,2016,11084630.0,2017-03-17
Beauty and the Beast,Family,2017,1264434525.0,2017-03-17
Raw,Drama,2016,3096815.0,2017-03-15
Kong: Skull Island,Action,2017,566652812.0,2017-03-10
The Love Witch,Comedy,2016,246218.0,2017-03-10
Personal Shopper,Drama,2016,2840408.0,2017-03-10
The Shack,Drama,2017,96942115.0,2017-03-03
Table 19,Comedy,2017,5042014.0,2017-03-03
Logan,Action,2017,619179950.0,2017-03-03
Before I Fall,Drama,2017,16373843.0,2017-03-03
Rock Dog,Animation,2016,23157646.0,2017-02-24
Get Out,Horror,2017,255589157.0,2017-02-24
Fist Fight,Comedy,2017,41087017.0,2017-02-17
The Great Wall,Action,2016,334933831.0,2017-02-17
A Cure for Wellness,Drama,2016,26620002.0,2017-02-17
The Blackcoat's Daughter,Horror,2015,38348.0,2017-02-16
The Lego Batman Movie,Animation,2017,311950384.0,2017-02-10
A United Kingdom,Biography,2016,14459330.0,2017-02-10
John Wick: Chapter 2,Action,2017,171547802.0,2017-02-10
Fifty Shades Darker,Drama,2017,381545846.0,2017-02-10
Rings,Drama,2017,83080890.0,2017-02-03
The Space Between Us,Drama,2017,16080475.0,2017-02-03
The Daughter,Drama,2015,1505434.0,2017-01-27
A Dog's Purpose,Adventure,2017,205035819.0,2017-01-27
Resident Evil: The Final Chapter,Action,2016,312242626.0,2017-01-27
Gold,Crime,2016,14880939.0,2017-01-27
The Founder,Biography,2016,24121245.0,2017-01-20
The Resurrection of Gavin Stone,Comedy,2017,2308355.0,2017-01-20
20th Century Women,Comedy,2016,7214806.0,2017-01-20
xXx: Return of Xander Cage,Action,2017,346118277.0,2017-01-20
Split,Horror,2016,278454417.0,2017-01-20
Sleepless,Action,2017,32917353.0,2017-01-13
Silence,Drama,2016,23834809.0,2017-01-13
Live by Night,Action,2016,22678555.0,2017-01-13
Patriots Day,Action,2016,52185751.0,2017-01-13
The Bye Bye Man,Drama,2017,29874280.0,2017-01-13
Monster Trucks,Animation,2016,64493915.0,2017-01-13
Hidden Figures,Biography,2016,236225193.0,2017-01-06
A Monster Calls,Adventure,2016,47309313.0,2017-01-06
Lion,Biography,2016,140853810.0,2017-01-06
Underworld: Blood Wars,Action,2016,81093313.0,2017-01-06
Paterson,Comedy,2016,9588282.0,2016-12-28
La La Land,Comedy,2016,448906865.0,2016-12-25
Fences,Drama,2016,64414761.0,2016-12-25
Toni Erdmann,Comedy,2016,11784207.0,2016-12-25
Why Him?,Comedy,2016,118102725.0,2016-12-23
Julieta,Drama,2016,22546233.0,2016-12-21
Dangal,Action,2016,303723636.0,2016-12-21
Passengers,Drama,2016,303144152.0,2016-12-21
Sing,Animation,2016,634208384.0,2016-12-21
Assassin's Creed,Action,2016,240697856.0,2016-12-21
Manchester by the Sea,Drama,2016,78988148.0,2016-12-16
Rogue One: A Star Wars Story,Action,2016,1056057720.0,2016-12-16
Collateral Beauty,Drama,2016,88528280.0,2016-12-16
Office Christmas Party,Comedy,2016,114501299.0,2016-12-09
Miss Sloane,Drama,2016,9101546.0,2016-12-09
Nocturnal Animals,Drama,2016,30311857.0,2016-12-09
Incarnate,Horror,2016,9037058.0,2016-12-02
Jackie,Biography,2016,29777777.0,2016-12-02
Pet,Horror,2016,22003.0,2016-12-02
White Girl,Crime,2016,200242.0,2016-12-01
Moana,Animation,2016,644411850.0,2016-11-23
Allied,Action,2016,119520023.0,2016-11-23
Rules Don't Apply,Comedy,2016,3885342.0,2016-11-23
Fantastic Beasts and Where to Find Them,Adventure,2016,814044001.0,2016-11-18
Bleed for This,Biography,2016,6698679.0,2016-11-18
The Edge of Seventeen,Comedy,2016,19370020.0,2016-11-18
Moonlight,Drama,2016,65336603.0,2016-11-18
Billy Lynn's Long Halftime Walk,Action,2016,30930984.0,2016-11-18
The Take,Action,2016,14857808.0,2016-11-18
Arrival,Drama,2016,203388186.0,2016-11-11
Mr. Church,Comedy,2016,685780.0,2016-11-11
Doctor Strange,Action,2016,677796076.0,2016-11-04
Hacksaw Ridge,Biography,2016,180563636.0,2016-11-04
Trolls,Animation,2016,346864886.0,2016-11-04
Loving,Biography,2016,12957265.0,2016-11-04
Ae Dil Hai Mushkil,Drama,2016,31668920.0,2016-10-28
Inferno,Action,2016,220021259.0,2016-10-28
Keeping Up with the Joneses,Action,2016,29918745.0,2016-10-21
American Pastoral,Crime,2016,2063436.0,2016-10-21
Ouija: Origin of Evil,Drama,2016,81705746.0,2016-10-21
In a Valley of Violence,Action,2016,61797.0,2016-10-21
Jack Reacher: Never Go Back,Action,2016,162146076.0,2016-10-21
Denial,Biography,2016,7994527.0,2016-10-21
The Accountant,Action,2016,155160045.0,2016-10-14
American Honey,Adventure,2016,2290649.0,2016-10-14
The Girl on the Train,Crime,2016,173185859.0,2016-10-07
Under the Shadow,Drama,2016,133324.0,2016-10-07
Miss Peregrine's Home for Peculiar Children,Adventure,2016,296482446.0,2016-09-30
Masterminds,Biography,2015,29674699.0,2016-09-30
Deepwater Horizon,Action,2016,121790373.0,2016-09-30
A Man Called Ove,Comedy,2015,30692889.0,2016-09-30
The Magnificent Seven,Action,2016,162360636.0,2016-09-23
Storks,Animation,2016,183388953.0,2016-09-23
Goat,Drama,2016,23020.0,2016-09-23
31,Horror,2016,850419.0,2016-09-16
Pink,Crime,2016,180180.0,2016-09-16
Blair Witch,Horror,2016,45173154.0,2016-09-16
Bridget Jones's Baby,Comedy,2016,211952420.0,2016-09-16
Snowden,Biography,2016,37357216.0,2016-09-16
Sully,Biography,2016,240797623.0,2016-09-09
Anthropoid,Action,2016,5079219.0,2016-09-09
Morgan,Action,2016,8809407.0,2016-09-02
The Light Between Oceans,Drama,2016,25975621.0,2016-09-02
The Salesman,Drama,2016,6953604.0,2016-08-31
Don't Breathe,Crime,2016,157830487.0,2016-08-26
Greater,Biography,2016,2000620.0,2016-08-26
The Hollars,Comedy,2016,1138609.0,2016-08-26
Complete Unknown,Drama,2016,217473.0,2016-08-26
Hands of Stone,Biography,2016,4978353.0,2016-08-26
Hell or High Water,Action,2016,37879877.0,2016-08-26
Mechanic: Resurrection,Action,2016,125729635.0,2016-08-26
The Sea of Trees,Drama,2015,906995.0,2016-08-26
War Dogs,Biography,2016,86234523.0,2016-08-19
Kubo and the Two Strings,Animation,2016,76249438.0,2016-08-19
Ben-Hur,Action,2016,94061311.0,2016-08-19
Florence Foster Jenkins,Biography,2016,49052787.0,2016-08-12
Pete's Dragon,Action,2016,143695338.0,2016-08-12
Sausage Party,Animation,2016,140705322.0,2016-08-12
Suicide Squad,Action,2016,746846894.0,2016-08-05
Café Society,Comedy,2016,43763247.0,2016-08-05
The Little Prince,Animation,2015,97571250.0,2016-08-05
Jason Bourne,Action,2016,415484914.0,2016-07-29
Into the Forest,Drama,2015,92166.0,2016-07-29
Bad Moms,Comedy,2016,183936074.0,2016-07-29
Captain Fantastic,Comedy,2016,23123592.0,2016-07-29
Shin Godzilla,Action,2016,78053145.0,2016-07-29
Nerve,Action,2016,85251425.0,2016-07-27
Batman: The Killing Joke,Animation,2016,4462034.0,2016-07-25
Lights Out,Drama,2016,148868835.0,2016-07-22
Ice Age: Collision Course,Animation,2016,408754975.0,2016-07-22
Star Trek Beyond,Action,2016,343471816.0,2016-07-22
Train to Busan,Action,2016,92764199.0,2016-07-20
Ghostbusters,Action,2016,229147509.0,2016-07-15
The Infiltrator,Biography,2016,21011110.0,2016-07-13
Kingsglaive: Final Fantasy XV,Animation,2016,5725482.0,2016-07-09
The Secret Life of Pets,Animation,2016,875458631.0,2016-07-08
Mike and Dave Need Wedding Dates,Comedy,2016,77068246.0,2016-07-08
Goldstone,Crime,2016,650352.0,2016-07-07
Hunt for the Wilderpeople,Adventure,2016,23915910.0,2016-07-01
Swiss Army Man,Comedy,2016,4935501.0,2016-07-01
The BFG,Adventure,2016,195243411.0,2016-07-01
The Legend of Tarzan,Action,2016,356700357.0,2016-07-01
The Purge: Election Year,Action,2016,118587880.0,2016-07-01
Independence Day: Resurgence,Action,2016,389681935.0,2016-06-24
The Shallows,Action,2016,119100758.0,2016-06-24
Free State of Jones,Action,2016,25035950.0,2016-06-24
The Neon Demon,Horror,2016,3377430.0,2016-06-24
The Secret of Kells,Animation,2009,1803412.0,2016-06-22
Central Intelligence,Action,2016,216972543.0,2016-06-17
Clown,Horror,2014,4381603.0,2016-06-17
Finding Dory,Animation,2016,1028570942.0,2016-06-17
Now You See Me 2,Action,2016,334897606.0,2016-06-10
The Conjuring 2,Horror,2016,321788219.0,2016-06-10
Genius,Biography,2016,7435006.0,2016-06-10
Warcraft,Action,2016,439048914.0,2016-06-10
The Meddler,Comedy,2015,5425148.0,2016-06-03
Love & Friendship,Comedy,2016,21401949.0,2016-06-03
Teenage Mutant Ninja Turtles: Out of the Shadows,Action,2016,245623848.0,2016-06-03
Me Before You,Drama,2016,208314186.0,2016-06-03
Popstar: Never Stop Never Stopping,Comedy,2016,9680029.0,2016-06-03
The Handmaiden,Drama,2016,37767206.0,2016-06-01
The Ones Below,Drama,2015,121827.0,2016-05-27
Alice Through the Looking Glass,Adventure,2016,299820798.0,2016-05-27
X-Men: Apocalypse,Action,2016,543934105.0,2016-05-27
Equals,Drama,2015,2084628.0,2016-05-26
The Angry Birds Movie,Animation,2016,352333929.0,2016-05-20
Big Stone Gap,Comedy,2014,1012804.0,2016-05-20
Neighbors 2: Sorority Rising,Comedy,2016,108007109.0,2016-05-20
The Nice Guys,Action,2016,62788218.0,2016-05-20
A Bigger Splash,Drama,2015,7545758.0,2016-05-13
Money Monster,Crime,2016,93282604.0,2016-05-13
Green Room,Horror,2015,3769214.0,2016-05-13
Our Kind of Traitor,Crime,2016,10711027.0,2016-05-13
Captain America: Civil War,Action,2016,1153337496.0,2016-05-06
The Man Who Knew Infinity,Biography,2015,12252684.0,2016-04-29
Ratchet & Clank,Animation,2016,13385737.0,2016-04-29
Mother's Day,Comedy,2016,48782670.0,2016-04-29
Keanu,Action,2016,20651333.0,2016-04-29
High-Rise,Drama,2015,4289074.0,2016-04-28
A Hologram for the King,Comedy,2016,9169507.0,2016-04-28
The Huntsman: Winter's War,Action,2016,164989338.0,2016-04-22
Tale of Tales,Drama,2015,5497104.0,2016-04-22
Midnight Special,Drama,2016,6740647.0,2016-04-21
Criminal,Action,2016,38803993.0,2016-04-15
The Jungle Book,Adventure,2016,966554929.0,2016-04-15
Demolition,Comedy,2015,4366460.0,2016-04-08
Mr. Right,Action,2015,607595.0,2016-04-08
Hardcore Henry,Action,2015,16810562.0,2016-04-08
The Invitation,Drama,2015,354835.0,2016-04-08
Everybody Wants Some!!,Comedy,2016,4644472.0,2016-04-07
I Saw the Light,Biography,2015,1767963.0,2016-04-01
Meet the Blacks,Comedy,2016,9097072.0,2016-04-01
Eye in the Sky,Action,2015,35259653.0,2016-04-01
"Hello, My Name Is Doris",Comedy,2015,14659448.0,2016-04-01
My Big Fat Greek Wedding 2,Comedy,2016,90632641.0,2016-03-25
Batman v Superman: Dawn of Justice,Action,2016,873637528.0,2016-03-25
Allegiant,Action,2016,179246868.0,2016-03-18
The Bronze,Comedy,2015,615816.0,2016-03-18
Sing Street,Comedy,2016,13624522.0,2016-03-17
Miracles from Heaven,Biography,2016,73983003.0,2016-03-16
10 Cloverfield Lane,Action,2016,110216998.0,2016-03-11
Anomalisa,Animation,2015,5659286.0,2016-03-11
The Brothers Grimsby,Action,2016,27979040.0,2016-03-11
London Has Fallen,Action,2016,205754447.0,2016-03-04
Knight of Cups,Drama,2015,1026288.0,2016-03-04
Zootopia,Animation,2016,1024121104.0,2016-03-04
Whiskey Tango Foxtrot,Biography,2016,24972139.0,2016-03-04
Eddie the Eagle,Biography,2015,46152800.0,2016-02-26
The Lady in the Van,Biography,2015,41387687.0,2016-02-26
Only Yesterday,Animation,1991,545825.0,2016-02-26
Gods of Egypt,Action,2016,150680864.0,2016-02-26
Triple 9,Action,2016,23177948.0,2016-02-26
Risen,Action,2016,46771565.0,2016-02-19
The Witch,Drama,2015,40423945.0,2016-02-19
Race,Biography,2016,25070261.0,2016-02-19
Deadpool,Action,2016,782836791.0,2016-02-12
How to Be Single,Comedy,2016,112343513.0,2016-02-12
Zoolander 2,Action,2016,56722693.0,2016-02-12
The Innocents,Drama,2016,7400324.0,2016-02-10
Southbound,Horror,2015,35275.0,2016-02-09
Sanam Teri Kasam,Drama,2016,1386707.0,2016-02-05
Tumbledown,Comedy,2015,282083.0,2016-02-05
Pride and Prejudice and Zombies,Action,2016,16457494.0,2016-02-05
"Hail, Caesar!",Comedy,2016,63945241.0,2016-02-05
The Choice,Drama,2016,23079932.0,2016-02-05
The Finest Hours,Action,2016,52099090.0,2016-01-29
Fifty Shades of Black,Comedy,2016,22227514.0,2016-01-29
Kung Fu Panda 3,Animation,2016,521170825.0,2016-01-29
Dirty Grandpa,Comedy,2016,94073028.0,2016-01-22
Room,Drama,2015,35401758.0,2016-01-22
The Boy,Horror,2016,73929392.0,2016-01-22
The Danish Girl,Biography,2015,64191523.0,2016-01-22
The 5th Wave,Action,2016,109906372.0,2016-01-22
Carol,Drama,2015,40272135.0,2016-01-15
13 Hours,Action,2016,69411370.0,2016-01-15
Ride Along 2,Action,2016,124608438.0,2016-01-15
The Forest,Horror,2016,39712000.0,2016-01-08
The Revenant,Action,2015,532950503.0,2016-01-08
The Hateful Eight,Crime,2015,156480177.0,2015-12-30
Point Break,Action,2015,133718711.0,2015-12-25
Daddy's Home,Comedy,2015,242786137.0,2015-12-25
The Lure,Drama,2015,108846.0,2015-12-25
Joy,Biography,2015,101134059.0,2015-12-25
Concussion,Biography,2015,48623572.0,2015-12-25
Ip Man 3,Action,2015,157029618.0,2015-12-24
The Big Short,Biography,2015,133440870.0,2015-12-23
Alvin and the Chipmunks: The Road Chip,Animation,2015,234798636.0,2015-12-18
Sisters,Comedy,2015,105011053.0,2015-12-18
Bajirao Mastani,Action,2015,11350917.0,2015-12-18
Star Wars: Episode VII - The Force Awakens,Action,2015,2069521700.0,2015-12-18
Remember,Drama,2015,4235959.0,2015-12-17
In the Heart of the Sea,Action,2015,93920758.0,2015-12-11
Macbeth,Drama,2015,16322067.0,2015-12-11
By the Sea,Drama,2015,3334927.0,2015-12-09
Krampus,Comedy,2015,61548707.0,2015-12-04
Youth,Comedy,2015,23459358.0,2015-12-04
Land of Mine,Drama,2015,3169553.0,2015-12-03
Trumbo,Biography,2015,11430025.0,2015-11-27
The Good Dinosaur,Animation,2015,332207671.0,2015-11-25
Creed,Drama,2015,173567581.0,2015-11-25
Brooklyn,Drama,2015,62402155.0,2015-11-25
Victor Frankenstein,Drama,2015,34227298.0,2015-11-25
Song of the Sea,Animation,2014,4190884.0,2015-11-20
Spotlight,Biography,2015,98690254.0,2015-11-20
The Hunger Games: Mockingjay - Part 2,Action,2015,658344137.0,2015-11-20
The Night Before,Comedy,2015,52395996.0,2015-11-20
Secret in Their Eyes,Crime,2015,34854990.0,2015-11-20
Legend,Biography,2015,42972994.0,2015-11-20
The 33,Biography,2015,27972023.0,2015-11-13
Love the Coopers,Comedy,2015,42426912.0,2015-11-13
The End of the Tour,Biography,2015,3072991.0,2015-11-12
The Peanuts Movie,Animation,2015,246233113.0,2015-11-06
Spectre,Action,2015,880681519.0,2015-11-06
Burnt,Comedy,2015,36606743.0,2015-10-30
Our Brand Is Crisis,Comedy,2015,8527658.0,2015-10-30
Scouts Guide to the Zombie Apocalypse,Action,2015,16137046.0,2015-10-30
The Dressmaker,Comedy,2015,25003426.0,2015-10-29
Jem and the Holograms,Adventure,2015,2333684.0,2015-10-23
Steve Jobs,Biography,2015,34441873.0,2015-10-23
The Last Witch Hunter,Action,2015,146936910.0,2015-10-23
Rock the Kasbah,Comedy,2015,3394174.0,2015-10-23
Goosebumps,Adventure,2015,158261424.0,2015-10-16
Beasts of No Nation,Drama,2015,90777.0,2015-10-16
Crimson Peak,Drama,2015,74679822.0,2015-10-16
The Lobster,Comedy,2015,15509546.0,2015-10-16
Bridge of Spies,Drama,2015,165478348.0,2015-10-16
Suffragette,Drama,2014,31972096.0,2015-10-12
The Walk,Action,2015,61181942.0,2015-10-09
99 Homes,Drama,2014,1828232.0,2015-10-09
Pan,Adventure,2015,128388320.0,2015-10-09
Hyena Road,Action,2015,87768.0,2015-10-09
Knock Knock,Drama,2015,5567103.0,2015-10-09
Regression,Crime,2015,17671101.0,2015-10-02
Sicario,Action,2015,84872444.0,2015-10-02
Louder Than Bombs,Drama,2015,1160724.0,2015-10-02
The Martian,Adventure,2015,630162448.0,2015-10-02
Hotel Transylvania 2,Animation,2015,474800000.0,2015-09-25
The Intern,Comedy,2015,194564672.0,2015-09-25
Pawn Sacrifice,Biography,2014,5578519.0,2015-09-25
The Green Inferno,Adventure,2013,12666449.0,2015-09-25
The Keeping Room,Drama,2014,73922.0,2015-09-25
Everest,Action,2015,203427584.0,2015-09-25
Maze Runner: The Scorch Trials,Action,2015,312296056.0,2015-09-18
Captive,Action,2015,2801508.0,2015-09-18
Black Mass,Biography,2015,99775678.0,2015-09-18
Grandma,Comedy,2015,7205073.0,2015-09-18
Cooties,Action,2014,485544.0,2015-09-18
90 Minutes in Heaven,Drama,2015,4842699.0,2015-09-11
The Visit,Horror,2015,98450062.0,2015-09-11
Goodnight Mommy,Horror,2014,2193474.0,2015-09-11
The Transporter Refueled,Action,2015,72629670.0,2015-09-04
Dragon Blade,Action,2015,122606884.0,2015-09-04
A Walk in the Woods,Adventure,2015,37461274.0,2015-09-02
Cemetery of Splendor,Drama,2015,98932.0,2015-09-02
The Wave,Action,2015,12975143.0,2015-08-28
We Are Your Friends,Drama,2015,11122090.0,2015-08-28
The Diary of a Teenage Girl,Comedy,2015,1775133.0,2015-08-28
War Room,Drama,2015,73256266.0,2015-08-28
Turbo Kid,Action,2015,67069.0,2015-08-28
45 Years,Drama,2015,14430249.0,2015-08-28
No Escape,Action,2015,54418872.0,2015-08-26
She's Funny That Way,Comedy,2014,6034851.0,2015-08-21
Sinister 2,Horror,2015,53329150.0,2015-08-21
Hitman: Agent 47,Action,2015,82347656.0,2015-08-21
American Ultra,Action,2015,27262374.0,2015-08-21
Summertime,Drama,2015,3778938.0,2015-08-19
The Man from U.N.C.L.E.,Action,2015,107045109.0,2015-08-14
Straight Outta Compton,Biography,2015,201634991.0,2015-08-14
Mississippi Grind,Comedy,2015,422746.0,2015-08-13
Z for Zachariah,Drama,2015,381839.0,2015-08-13
Sleeping with Other People,Comedy,2015,3224947.0,2015-08-12
Ricki and the Flash,Comedy,2015,41325328.0,2015-08-07
The Gift,Drama,2015,58980521.0,2015-08-07
Cop Car,Crime,2015,143658.0,2015-08-07
Irrational Man,Comedy,2015,27391084.0,2015-08-07
When Marnie Was There,Animation,2014,34949567.0,2015-08-07
Fantastic Four,Action,2015,167882881.0,2015-08-07
Attack on Titan Part 1,Action,2015,30810658.0,2015-08-01
Drishyam,Crime,2015,,2015-07-31
Mission: Impossible - Rogue Nation,Action,2015,682716636.0,2015-07-31
Vacation,Adventure,2015,107228221.0,2015-07-29
Mr. Holmes,Drama,2015,29355203.0,2015-07-24
Paper Towns,Adventure,2015,85512300.0,2015-07-24
Pixels,Action,2015,244874809.0,2015-07-24
Southpaw,Action,2015,91970827.0,2015-07-24
Before We Go,Comedy,2014,462875.0,2015-07-21
Ant-Man,Action,2015,519311965.0,2015-07-17
Bajrangi Bhaijaan,Action,2015,121126188.0,2015-07-17
The Stanford Prison Experiment,Biography,2015,663114.0,2015-07-17
Trainwreck,Comedy,2015,140795793.0,2015-07-17
Minions,Animation,2015,1159444662.0,2015-07-10
Tangerine,Comedy,2015,828874.0,2015-07-10
Self/less,Action,2015,31807156.0,2015-07-10
The Gallows,Horror,2015,42964410.0,2015-07-10
Baahubali: The Beginning,Action,2015,24548038.0,2015-07-09
Terminator Genisys,Action,2015,440603537.0,2015-07-01
Me and Earl and the Dying Girl,Comedy,2015,9074749.0,2015-07-01
Magic Mike XXL,Comedy,2015,117813057.0,2015-07-01
Ted 2,Comedy,2015,215863606.0,2015-06-26
A Little Chaos,Drama,2014,10084623.0,2015-06-26
Big Game,Action,2014,7455398.0,2015-06-26
Dope,Adventure,2015,17986781.0,2015-06-19
The Overnight,Comedy,2015,1110522.0,2015-06-19
Love & Mercy,Biography,2014,28641776.0,2015-06-19
Inside Out,Animation,2015,858848019.0,2015-06-19
Mustang,Drama,2015,5274664.0,2015-06-17
Jurassic World,Action,2015,1670516444.0,2015-06-12
Son of Saul,Drama,2015,6659121.0,2015-06-11
Spy,Action,2015,235666219.0,2015-06-05
Insidious: Chapter 3,Horror,2015,112983889.0,2015-06-05
Entourage,Comedy,2015,49263404.0,2015-06-03
San Andreas,Action,2015,473990832.0,2015-05-29
Aloha,Comedy,2015,26250020.0,2015-05-29
Heaven Knows What,Crime,2014,84417.0,2015-05-29
Far from the Madding Crowd,Drama,2015,30229977.0,2015-05-22
Poltergeist,Horror,2015,95437994.0,2015-05-22
Tomorrowland,Action,2015,209035668.0,2015-05-22
Pitch Perfect 2,Comedy,2015,287144079.0,2015-05-15
I'll See You in My Dreams,Comedy,2015,7452512.0,2015-05-15
Mad Max: Fury Road,Action,2015,375658750.0,2015-05-15
Maggie,Drama,2015,1663165.0,2015-05-08
Hot Pursuit,Action,2015,51380201.0,2015-05-08
Avengers: Age of Ultron,Action,2015,1402809540.0,2015-05-01
The Age of Adaline,Drama,2015,65663276.0,2015-04-24
Ex Machina,Drama,2014,36869414.0,2015-04-24
Just Before I Go,Comedy,2014,10970.0,2015-04-24
While We're Young,Comedy,2014,18117839.0,2015-04-17
True Story,Biography,2015,5261595.0,2015-04-17
Paul Blart: Mall Cop 2,Action,2015,107588225.0,2015-04-17
Child 44,Crime,2015,12951093.0,2015-04-17
Unfriended,Horror,2014,62882090.0,2015-04-17
Slow West,Action,2015,1295574.0,2015-04-16
Woman in Gold,Biography,2015,61619773.0,2015-04-10
The Longest Ride,Drama,2015,62944815.0,2015-04-10
Danny Collins,Biography,2015,10835752.0,2015-04-10
Lost River,Drama,2014,615500.0,2015-04-10
Kill Me Three Times,Action,2014,101807.0,2015-04-10
Furious 7,Action,2015,1515341399.0,2015-04-03
Get Hard,Comedy,2015,111711453.0,2015-03-27
Home,Animation,2015,386041607.0,2015-03-27
Zombeavers,Action,2014,54985.0,2015-03-20
Lost and Love,Drama,2015,34930177.0,2015-03-20
Spring,Horror,2014,49970.0,2015-03-20
The Gunman,Action,2015,24177137.0,2015-03-20
The Divergent Series: Insurgent,Action,2015,297002527.0,2015-03-20
It Follows,Horror,2014,21947454.0,2015-03-13
Cinderella,Drama,2015,542358331.0,2015-03-13
Run All Night,Action,2015,71561644.0,2015-03-13
Unfinished Business,Comedy,2015,14431253.0,2015-03-06
Chappie,Action,2015,102811889.0,2015-03-06
The Second Best Exotic Marigold Hotel,Comedy,2015,85978292.0,2015-03-06
Empire of Lust,Action,2015,3191168.0,2015-03-05
The Salvation,Action,2014,1363964.0,2015-02-27
Focus,Comedy,2015,158762963.0,2015-02-27
The Lazarus Effect,Horror,2015,38356892.0,2015-02-27
Maps to the Stars,Comedy,2014,4510934.0,2015-02-27
Serena,Drama,2014,5092129.0,2015-02-26
The DUFF,Comedy,2015,43709744.0,2015-02-20
Still Alice,Drama,2014,44779195.0,2015-02-20
"McFarland, USA",Biography,2015,45710059.0,2015-02-20
Hot Tub Time Machine 2,Comedy,2015,13081651.0,2015-02-20
Fifty Shades of Grey,Drama,2015,569651467.0,2015-02-13
What We Do in the Shadows,Comedy,2014,7253160.0,2015-02-13
Kingsman: The Secret Service,Action,2014,414351546.0,2015-02-13
The SpongeBob Movie: Sponge Out of Water,Animation,2015,325186032.0,2015-02-06
Seventh Son,Action,2014,114178613.0,2015-02-06
Jupiter Ascending,Action,2015,183887723.0,2015-02-06
Leviathan,Crime,2014,4439481.0,2015-02-05
Men & Chicken,Comedy,2015,4765472.0,2015-02-05
A Most Violent Year,Action,2014,12007070.0,2015-01-30
Project Almanac,Drama,2015,33213241.0,2015-01-30
Black or White,Drama,2014,21833967.0,2015-01-30
The Loft,Mystery,2014,11020402.0,2015-01-30
Black Sea,Adventure,2014,4070789.0,2015-01-23
Mortdecai,Action,2015,47275717.0,2015-01-23
The Duke of Burgundy,Drama,2014,185147.0,2015-01-23
The Boy Next Door,Thriller,2015,52425855.0,2015-01-23
Cake,Drama,2014,2433850.0,2015-01-23
Strange Magic,Animation,2015,13603453.0,2015-01-23
Paddington,Animation,2014,282377683.0,2015-01-16
Testament of Youth,Biography,2014,5874883.0,2015-01-16
The Wedding Ringer,Comedy,2015,79799880.0,2015-01-16
American Sniper,Action,2014,547426372.0,2015-01-16
Blackhat,Action,2015,19652057.0,2015-01-16
Foxcatcher,Biography,2014,19206513.0,2015-01-16
Tanner Hall,Drama,2009,5073.0,2015-01-15
Wild Card,Action,2015,6738764.0,2015-01-14
Taken 3,Action,2014,326479141.0,2015-01-09
Inherent Vice,Comedy,2014,14710975.0,2015-01-09
Selma,Biography,2014,66787908.0,2015-01-09
Predestination,Action,2014,4942449.0,2015-01-09
Force Majeure,Comedy,2014,4094339.0,2014-12-30
The Water Diviner,Drama,2014,38176317.0,2014-12-26
The Imitation Game,Biography,2014,233555708.0,2014-12-25
Big Eyes,Biography,2014,29253166.0,2014-12-25
The Gambler,Crime,2014,39280992.0,2014-12-25
Into the Woods,Adventure,2014,212902372.0,2014-12-25
Unbroken,Action,2014,161459297.0,2014-12-25
The Interview,Action,2014,11782625.0,2014-12-24
PK,Comedy,2014,100370104.0,2014-12-19
Night at the Museum: Secret of the Tomb,Adventure,2014,363204635.0,2014-12-19
Annie,Comedy,2014,136853506.0,2014-12-19
Wild,Adventure,2014,52501541.0,2014-12-19
The Hobbit: The Battle of the Five Armies,Adventure,2014,962182865.0,2014-12-17
Exodus: Gods and Kings,Action,2014,268175631.0,2014-12-12
Top Five,Comedy,2014,26117471.0,2014-12-12
Son of a Gun,Action,2014,660241.0,2014-12-11
Dear White People,Comedy,2014,4633961.0,2014-12-04
The Babadook,Drama,2014,10312540.0,2014-11-28
Horrible Bosses 2,Comedy,2014,107645357.0,2014-11-26
Penguins of Madagascar,Animation,2014,373515621.0,2014-11-26
The Theory of Everything,Biography,2014,123726688.0,2014-11-26
The Hunger Games: Mockingjay - Part 1,Action,2014,755356711.0,2014-11-21
No Good Deed,Crime,2002,1440653.0,2014-11-20
Beyond the Lights,Drama,2014,14618727.0,2014-11-14
Third Person,Drama,2013,2624761.0,2014-11-14
Dumb and Dumber to,Comedy,2014,169837010.0,2014-11-14
Birdman or (The Unexpected Virtue of Ignorance),Comedy,2014,103215094.0,2014-11-14
Interstellar,Adventure,2014,701729206.0,2014-11-07
The Good Lie,Biography,2014,3396345.0,2014-11-07
Big Hero 6,Animation,2014,657869686.0,2014-11-07
Before I Go to Sleep,Drama,2014,17669776.0,2014-10-31
Nightcrawler,Crime,2014,47398992.0,2014-10-31
Laggies,Comedy,2014,2379154.0,2014-10-24
Ouija,Horror,2014,103687316.0,2014-10-24
John Wick,Action,2014,86081711.0,2014-10-24
St. Vincent,Comedy,2014,54837234.0,2014-10-24
"Love, Rosie",Comedy,2014,25574387.0,2014-10-22
The Best of Me,Drama,2014,38609668.0,2014-10-17
"Men, Women & Children",Comedy,2014,1705908.0,2014-10-17
The Book of Life,Animation,2014,99783556.0,2014-10-17
Fury,Action,2014,211822697.0,2014-10-17
Whiplash,Drama,2014,49396747.0,2014-10-15
"Alexander and the Terrible, Horrible, No Good, Very Bad Day",Comedy,2014,100654149.0,2014-10-10
'71,Action,2014,3062178.0,2014-10-10
The Judge,Crime,2014,84419388.0,2014-10-10
Addicted,Drama,2014,17534314.0,2014-10-10
Dracula Untold,Action,2014,217124280.0,2014-10-10
Effie Gray,Biography,2014,721143.0,2014-10-10
Kill the Messenger,Biography,2014,5218973.0,2014-10-09
Mommy,Drama,2014,13156856.0,2014-10-08
Left Behind,Action,2014,27405896.0,2014-10-03
Annabelle,Horror,2014,257579282.0,2014-10-03
Gone Girl,Drama,2014,369330363.0,2014-10-03
Horns,Comedy,2013,3875442.0,2014-10-03
Two Night Stand,Comedy,2014,492332.0,2014-09-26
The Equalizer,Action,2014,192330738.0,2014-09-26
White Bird in a Blizzard,Drama,2014,469701.0,2014-09-25
Tusk,Comedy,2014,1882074.0,2014-09-19
I Origins,Drama,2014,481234.0,2014-09-19
This Is Where I Leave You,Comedy,2014,41296320.0,2014-09-19
A Walk Among the Tombstones,Action,2014,58834384.0,2014-09-19
The Maze Runner,Action,2014,348319861.0,2014-09-19
No Good Deed,Thriller,2014,54323210.0,2014-09-12
Honeymoon,Drama,2014,24343.0,2014-09-12
The Drop,Crime,2014,18658381.0,2014-09-12
The Guest,Action,2014,2700051.0,2014-09-05
Frank,Comedy,2014,1897363.0,2014-09-05
Barefoot,Comedy,2014,15071.0,2014-09-04
"As Above, So Below",Horror,2014,41898409.0,2014-08-29
Life of Crime,Comedy,2013,1456675.0,2014-08-29
The November Man,Action,2014,39661919.0,2014-08-27
Starred Up,Crime,2013,3025189.0,2014-08-26
Sin City: A Dame to Kill for,Action,2014,39407616.0,2014-08-22
If I Stay,Drama,2014,78274843.0,2014-08-22
Wild Tales,Comedy,2014,30642704.0,2014-08-21
Clouds of Sils Maria,Drama,2014,4728401.0,2014-08-20
The Zero Theorem,Comedy,2013,1486506.0,2014-08-19
Magic in the Moonlight,Comedy,2014,51029361.0,2014-08-15
The Expendables 3,Action,2014,214657577.0,2014-08-15
What If,Comedy,2013,8526288.0,2014-08-15
The Giver,Drama,2014,66980456.0,2014-08-15
Boyhood,Drama,2014,48137666.0,2014-08-15
Hector and the Search for Happiness,Adventure,2014,6337728.0,2014-08-14
Let's Be Cops,Action,2014,138224951.0,2014-08-13
Into the Storm,Action,2014,161502194.0,2014-08-08
The One I Love,Comedy,2014,596933.0,2014-08-08
Teenage Mutant Ninja Turtles,Action,2014,485004754.0,2014-08-08
The Hundred-Foot Journey,Comedy,2014,89514453.0,2014-08-08
Step Up All in,Drama,2014,86165646.0,2014-08-08
Coherence,Drama,2013,139745.0,2014-08-06
A Most Wanted Man,Crime,2014,36233517.0,2014-08-01
Guardians of the Galaxy,Action,2014,773350147.0,2014-08-01
Get on Up,Biography,2014,33448971.0,2014-08-01
Hercules,Action,2014,244819862.0,2014-07-25
Lucy,Action,2014,458863600.0,2014-07-25
Wish I Was Here,Comedy,2014,5670776.0,2014-07-25
And So It Goes,Comedy,2014,25419147.0,2014-07-25
The Congress,Animation,2013,758754.0,2014-07-24
Planes: Fire & Rescue,Animation,2014,146965787.0,2014-07-18
The Purge: Anarchy,Action,2014,111928365.0,2014-07-18
Sex Tape,Comedy,2014,126069509.0,2014-07-18
Dawn of the Planet of the Apes,Action,2014,710644566.0,2014-07-11
Snowpiercer,Action,2013,86758912.0,2014-07-11
Begin Again,Comedy,2013,65652908.0,2014-07-11
The Signal,Drama,2014,2595622.0,2014-07-10
Blue Ruin,Crime,2013,993313.0,2014-07-09
Deliver Us from Evil,Action,2014,87937815.0,2014-07-02
Tammy,Comedy,2014,100375432.0,2014-07-02
Transformers: Age of Extinction,Action,2014,1104054072.0,2014-06-27
Jersey Boys,Biography,2014,67647013.0,2014-06-20
The Rover,Action,2014,2510007.0,2014-06-20
A Summer's Tale,Comedy,1996,198126.0,2014-06-20
Think Like a Man Too,Comedy,2014,70181428.0,2014-06-20
How to Train Your Dragon 2,Animation,2014,621537519.0,2014-06-13
22 Jump Street,Action,2014,331333876.0,2014-06-13
Belle,Biography,2013,16607575.0,2014-06-13
Winter Sleep,Drama,2014,4018705.0,2014-06-12
The Fault in Our Stars,Drama,2014,307166834.0,2014-06-06
Edge of Tomorrow,Action,2014,370541256.0,2014-06-06
A Long Way Down,Comedy,2014,7257942.0,2014-06-05
A Million Ways to Die in the West,Comedy,2014,87189756.0,2014-05-30
The Grand Seduction,Comedy,2013,4292517.0,2014-05-30
Maleficent,Action,2014,758411779.0,2014-05-30
Chef,Adventure,2014,48428048.0,2014-05-30
Blended,Comedy,2014,127994610.0,2014-05-23
The Immigrant,Drama,2013,5952884.0,2014-05-23
X-Men: Days of Future Past,Action,2014,746045700.0,2014-05-23
The Love Punch,Comedy,2013,8366493.0,2014-05-23
"Two Days, One Night",Drama,2014,9016922.0,2014-05-21
The Homesman,Drama,2014,3819421.0,2014-05-18
Million Dollar Arm,Biography,2014,38483455.0,2014-05-16
Godzilla,Action,2014,524976069.0,2014-05-16
Neighbors,Comedy,2014,270665134.0,2014-05-09
Palo Alto,Drama,2013,919591.0,2014-05-09
The Amazing Spider-Man 2,Action,2014,708982323.0,2014-05-02
Paper Man,Comedy,2009,13514.0,2014-05-01
Walk of Shame,Comedy,2014,8122990.0,2014-05-01
The Other Woman,Comedy,2014,196710396.0,2014-04-25
Brick Mansions,Action,2014,71416730.0,2014-04-25
The Quiet Ones,Horror,2014,17835162.0,2014-04-25
Young & Beautiful,Drama,2013,9757417.0,2014-04-25
Filth,Comedy,2013,8417248.0,2014-04-24
Locke,Drama,2013,5090608.0,2014-04-18
Transcendence,Action,2014,103039258.0,2014-04-18
A Haunted House 2,Comedy,2014,25358716.0,2014-04-18
Heaven Is for Real,Biography,2014,101982712.0,2014-04-16
Calvary,Drama,2014,16887741.0,2014-04-11
Draft Day,Drama,2014,29824199.0,2014-04-11
Knights of Badassdom,Action,2013,123854.0,2014-04-11
The Raid 2,Action,2014,6566916.0,2014-04-11
Rio 2,Animation,2014,498781117.0,2014-04-11
Oculus,Horror,2013,44459951.0,2014-04-11
Joe,Crime,2013,2431443.0,2014-04-11
The Double,Comedy,2013,1662515.0,2014-04-04
Captain America: The Winter Soldier,Action,2014,714421503.0,2014-04-04
In Secret,Crime,2013,652228.0,2014-04-03
The Grand Budapest Hotel,Adventure,2014,172945750.0,2014-03-28
Sabotage,Action,2014,22126842.0,2014-03-28
Bad Words,Comedy,2013,7804337.0,2014-03-28
Noah,Action,2014,359200044.0,2014-03-28
Muppets Most Wanted,Adventure,2014,80383113.0,2014-03-21
God's Not Dead,Drama,2014,64676349.0,2014-03-21
Divergent,Action,2014,288885818.0,2014-03-21
Nymphomaniac: Vol. II,Drama,2013,4934725.0,2014-03-20
Under the Skin,Drama,2013,5866389.0,2014-03-14
Need for Speed,Action,2014,203277636.0,2014-03-14
The Great Beauty,Drama,2013,24665023.0,2014-03-14
Veronica Mars,Crime,2014,3485383.0,2014-03-13
300: Rise of an Empire,Action,2014,337580051.0,2014-03-07
Mr. Peabody & Sherman,Animation,2014,275698039.0,2014-03-07
Tracks,Adventure,2013,5853509.0,2014-03-06
Nymphomaniac: Vol. I,Drama,2013,13551156.0,2014-03-06
Non-Stop,Action,2014,222809600.0,2014-02-28
Pompeii,Action,2014,117831631.0,2014-02-21
3 Days to Kill,Action,2014,53260230.0,2014-02-21
The Wind Rises,Animation,2013,136533257.0,2014-02-21
Endless Love,Drama,2014,34718173.0,2014-02-14
Winter's Tale,Drama,2014,30800231.0,2014-02-14
RoboCop,Action,2014,242688965.0,2014-02-12
The Monuments Men,Comedy,2014,156706638.0,2014-02-07
The Lego Movie,Animation,2014,468060692.0,2014-02-07
Vampire Academy,Action,2014,15642346.0,2014-02-07
Enemy,Drama,2013,3468224.0,2014-02-06
Labor Day,Drama,2013,20275812.0,2014-01-31
That Awkward Moment,Comedy,2014,45640143.0,2014-01-31
Anna,Drama,2013,1257142.0,2014-01-24
"I, Frankenstein",Action,2014,76801179.0,2014-01-24
Nebraska,Adventure,2013,27682872.0,2014-01-24
Jack Ryan: Shadow Recruit,Action,2014,135503748.0,2014-01-17
Ride Along,Action,2014,154468902.0,2014-01-17
Her,Drama,2013,48517427.0,2014-01-10
Lone Survivor,Action,2013,154802912.0,2014-01-10
August: Osage County,Comedy,2013,74188937.0,2014-01-10
The Legend of Hercules,Action,2014,61279452.0,2014-01-10
Inside Llewyn Davis,Comedy,2013,32960249.0,2014-01-10
The Best Offer,Crime,2013,20919703.0,2014-01-01
